province,country,Lat,Long_,Confirmed,Deaths,Recovered,Active,Incident_Rate,Case_Fatality_Ratio
Abruzzo,Italy,42.35122196,13.39843823,65237.0,2136.0,52969.0,10132.0,4973.924579514784,3.2742155525238745
Acre,Brazil,-9.0238,-70.812,69657.0,1262.0,54045.0,14350.0,7898.201114594613,1.811734642605912
Adygea Republic,Russia,44.6939006,40.1520421,14101.0,163.0,13365.0,573.0,3110.2219791078487,1.1559463867810793
Aguascalientes,Mexico,21.8853,-102.2916,24880.0,2154.0,0.0,22726.0,1734.2390224691298,8.657556270096464
Aichi,Japan,35.035551,137.211621,27394.0,583.0,25985.0,826.0,362.726868151286,2.1282032561874864
Akita,Japan,39.748679,140.408228,283.0,6.0,271.0,6.0,29.281213463150163,2.120141342756184
Alabama,United States,32.88428035358209,-86.71012237686567,7469.391304347826,152.95652173913044,,,10575.04131256362,2.472641841280754
Alagoas,Brazil,-9.5713,-36.782,153490.0,3554.0,144928.0,5008.0,4599.148368004981,2.315460290572676
Alaska,United States,60.347998391333334,-149.00727894000002,2029.0645161290322,10.096774193548388,0.0,279.5,6316.025739916579,0.4002523471843665
Alberta,Canada,53.9333,-116.5765,148332.0,1990.0,137992.0,8350.0,3338.6459545713487,1.3415850928997115
Altai Krai,Russia,52.6932243,82.69314240000001,47137.0,1832.0,42198.0,3107.0,2005.7615059912853,3.8865434796444407
Altai Republic,Russia,50.7114101,86.8572186,16655.0,191.0,16268.0,196.0,7637.701031353325,1.1468027619333534
Amapa,Brazil,0.902,-52.003,97542.0,1302.0,72132.0,24108.0,11533.454490848744,1.3348096204711817
Amazonas,Brazil,-3.4168,-65.8561,349123.0,12015.0,298476.0,38632.0,8423.569287918705,3.4414805097343915
Amazonas,Colombia,-1.4429,-71.5724,5858.0,219.0,5595.0,44.0,7648.617947747066,3.7384772960054624
Amazonas,Peru,-5.077253,-78.050172,23141.0,788.0,0.0,22353.0,5421.977507029053,3.4052115293202543
Amur Oblast,Russia,52.8032368,128.437295,21887.0,243.0,20674.0,970.0,2741.27531236536,1.1102480924749851
Ancash,Peru,-9.407125,-77.67179499999997,50871.0,4301.0,0.0,46570.0,4308.910723361003,8.454718798529614
Andalusia,Spain,37.5443,-4.7278,505796.0,9206.0,10671.0,485919.0,6001.800079621188,1.8201013847480008
Andaman and Nicobar Islands,India,11.225999,92.968178,5083.0,62.0,4976.0,45.0,1218.839620560335,1.21975211489278
Andhra Pradesh,India,15.9129,79.74,901989.0,7217.0,887434.0,7338.0,1673.3436427647514,0.8001206223135758
Anguilla,United Kingdom,18.2206,-63.0686,25.0,0.0,21.0,4.0,166.6444474070124,0.0
Anhui,China,31.8257,117.2264,994.0,6.0,988.0,0.0,1.6287826941871515,0.6036217303822937
Antioquia,Colombia,7.1986,-75.3412,374623.0,7016.0,354364.0,13243.0,5846.996036585651,1.8728161378238923
Antofagasta,Chile,-23.6509,-70.3975,43243.0,867.0,41196.0,1180.0,7117.790938449535,2.0049487778368755
Antwerp,Belgium,51.2195,4.4024,112081.0,0.0,0.0,112081.0,5994.5018799505815,0.0
Aomori,Japan,40.781541,140.828896,1031.0,20.0,870.0,141.0,82.72015314862108,1.939864209505335
Apurimac,Peru,-14.027713,-72.975378,13616.0,768.0,0.0,12848.0,3161.3652194102624,5.640423031727379
Aragon,Spain,41.5976,-0.9057,110894.0,3344.0,3772.0,103778.0,8397.332699271385,3.015492271899291
Arauca,Colombia,7.0762,-70.7105,5751.0,173.0,5450.0,128.0,2193.5813619962314,3.008172491740567
Araucania,Chile,-38.9489,-72.3311,54915.0,671.0,51266.0,2978.0,5736.90170743734,1.221888372939998
Arequipa,Peru,-15.843524,-72.475539,65386.0,5841.0,0.0,59545.0,4366.635501535996,8.933104946012907
Arica y Parinacota,Chile,-18.594,-69.4785,17399.0,350.0,16499.0,550.0,7696.356848381903,2.011609862635784
Arizona,United States,33.675903642,-111.46323212666667,49518.294117647056,998.0588235294117,,,11954.319909153844,2.4642835993377803
Arkansas,United States,34.911889390266666,-92.4339782684,4347.3421052631575,74.02631578947368,,,11034.658345119582,2.0207269939347503
Arkhangelsk Oblast,Russia,63.5589686,43.1221646,59687.0,825.0,55265.0,3597.0,5167.580353030403,1.3822105316065474
Aruba,Netherlands,12.5211,-69.9683,9443.0,86.0,8684.0,673.0,8844.575988610606,0.9107275230329344
Arunachal Pradesh,India,27.768456,96.384277,16845.0,56.0,16785.0,4.0,1072.6170327382204,0.3324428613831998
Assam,India,26.357149,92.830441,218412.0,1105.0,215445.0,1862.0,613.3955704657161,0.5059245828983755
Astrakhan Oblast,Russia,47.1878186,47.608851,30712.0,668.0,28814.0,1230.0,3018.336848436484,2.1750455847877053
Asturias,Spain,43.3614,-5.8593,47263.0,1891.0,1063.0,44309.0,4623.632245978058,4.001015593593297
Atacama,Chile,-27.5661,-70.0503,14282.0,170.0,13602.0,510.0,4942.826291599757,1.1903094804649208
Atlantico,Colombia,10.6966,-74.8741,151635.0,4494.0,137149.0,9992.0,5980.437125840607,2.9636957166880995
Australian Capital Territory,Australia,-35.4735,149.0124,123.0,3.0,120.0,0.0,28.73160476524177,2.4390243902439024
Ayacucho,Peru,-14.091648,-74.08344,22904.0,1390.0,0.0,21514.0,3427.7162526189763,6.068808941669578
Aysen,Chile,-45.9864,-73.7669,3531.0,28.0,3386.0,117.0,3422.9046705054384,0.7929764939110734
Azad Jammu and Kashmir,Pakistan,34.027401,73.947253,12805.0,355.0,10945.0,1505.0,316.53501809230613,2.772354549004296
Baden-Wurttemberg,Germany,48.6616,9.3501,365009.0,8704.0,329300.0,27005.0,3287.4681292326795,2.38459873592158
Bahia,Brazil,-12.5797,-41.7007,803664.0,15330.0,769689.0,18645.0,5403.486463851698,1.9075135877680225
Baja California,Mexico,30.8406,-115.2838,46404.0,7791.0,0.0,38613.0,1276.6350800084074,16.78950090509439
Baja California Sur,Mexico,26.0444,-111.6661,28334.0,1271.0,0.0,27063.0,3521.0287458307857,4.485776805251641
Baleares,Spain,39.710358,2.995148,57676.0,777.0,1533.0,55366.0,4853.983269091583,1.3471808031070116
Balochistan,Pakistan,28.328492,65.898403,19576.0,208.0,19106.0,262.0,158.58192632647916,1.0625255414793624
Bashkortostan Republic,Russia,54.8573563,57.1439682,32358.0,361.0,27452.0,4545.0,796.3491680270165,1.1156437357067803
Basilicata,Italy,40.63947052,15.80514834,19458.0,443.0,14241.0,4774.0,3456.932252442398,2.27669853016754
Bayern,Germany,48.7904,11.4979,500549.0,13264.0,451300.0,35985.0,3809.300068347602,2.6498904203184903
Beijing,China,40.1824,116.4142,1049.0,9.0,1037.0,3.0,4.791465071521409,0.8579599618684461
Belgorod Oblast,Russia,50.7080119,37.5837615,34282.0,562.0,32032.0,1688.0,2211.9188889949905,1.639344262295082
Berlin,Germany,52.52,13.405,146268.0,3055.0,134400.0,8813.0,3991.934691524876,2.088631826510241
Bermuda,United Kingdom,32.3078,-64.7505,1217.0,12.0,729.0,476.0,1954.2980103736768,0.9860312243221035
Bihar,India,25.679658,85.60484,265527.0,1576.0,262371.0,1580.0,212.76214538781056,0.5935366271603264
Biobio,Chile,-37.4464,-72.1416,95470.0,1557.0,89123.0,4790.0,6132.431486281198,1.6308788100974128
Blekinge,Sweden,56.2784,15.018,8956.0,120.0,0.0,8836.0,5611.317870255504,1.339883876730683
Bolivar,Colombia,8.6704,-74.03,69563.0,1409.0,67543.0,611.0,3360.3528314920463,2.025502062878254
"Bonaire, Sint Eustatius and Saba",Netherlands,12.1784,-68.2385,196.0,3.0,180.0,13.0,747.492467869265,1.530612244897959
Boyaca,Colombia,5.4545,-73.362,48119.0,1154.0,46147.0,818.0,3952.681833714481,2.3982210769134853
Brandenburg,Germany,52.4125,12.5316,88464.0,3306.0,78140.0,7018.0,3495.121235239944,3.737113402061856
Bremen,Germany,53.0793,8.8017,20979.0,407.0,19040.0,1532.0,3084.5573640333464,1.9400352733686064
British Columbia,Canada,53.7267,-127.6476,100048.0,1458.0,91066.0,7524.0,1918.53770179326,1.457300495762034
British Virgin Islands,United Kingdom,18.4207,-64.64,153.0,1.0,131.0,21.0,506.0025796209941,0.6535947712418301
Brussels,Belgium,50.8503,4.3517,109550.0,0.0,0.0,109550.0,8992.37023447472,0.0
Bryansk Oblast,Russia,52.8873315,33.41585300000001,35646.0,284.0,34786.0,576.0,2943.5615062816787,0.7967233350165517
Buryatia Republic,Russia,52.7182426,109.492143,36006.0,785.0,34392.0,829.0,3657.2471003371215,2.180192190190524
C. Valenciana,Spain,39.484,-0.7533,385658.0,7112.0,9970.0,368576.0,7751.967901709539,1.8441209569100083
Cajamarca,Peru,-6.430284,-78.74559599999998,40289.0,2442.0,0.0,37847.0,2771.4796725596752,6.061207773834049
Calabria,Italy,38.90597598,16.59440194,46958.0,819.0,35814.0,10325.0,2411.6507826129828,1.74411175944461
Caldas,Colombia,5.2983,-75.2479,49624.0,1015.0,47206.0,1403.0,4971.074525046206,2.0453812671288087
California,United States,37.84396164603449,-120.72859416379309,63236.30508474576,985.1694915254237,,,7786.372067458499,1.1810144237562659
Callao,Peru,-11.954609,-77.136042,71037.0,7903.0,0.0,63134.0,6287.01655013718,11.125188282162815
Campania,Italy,40.83956555,14.25084984,337289.0,5363.0,238809.0,93117.0,5813.631609537356,1.5900311009253192
Campeche,Mexico,19.8301,-90.5349,8958.0,1126.0,0.0,7832.0,895.2476322109259,12.5697700379549
Canarias,Spain,28.2916,-16.6291,46880.0,676.0,1537.0,44667.0,2124.245718317224,1.4419795221843004
Cantabria,Spain,43.1828,-3.9878,26077.0,542.0,2287.0,23248.0,4483.349695086832,2.0784599455458834
Capital District,Colombia,4.711,-74.0721,687382.0,14409.0,660006.0,12967.0,9273.19905144858,2.0962143320599025
Caqueta,Colombia,0.8699,-73.8419,17185.0,649.0,16328.0,208.0,4280.316521747794,3.776549316264184
Casanare,Colombia,5.7589,-71.5724,13044.0,305.0,12466.0,273.0,3101.991895439758,2.338239803741184
Castilla - La Mancha,Spain,39.2796,-3.0977,175803.0,5757.0,6392.0,163654.0,8639.490249287795,3.274688145253494
Castilla y Leon,Spain,41.8357,-4.3976,212625.0,6626.0,8716.0,197283.0,8830.921036510277,3.116284538506761
Catalonia,Spain,41.5912,1.5209,536235.0,13335.0,26203.0,496697.0,7087.026895507274,2.486782847072645
Cauca,Colombia,2.705,-76.82600000000002,28124.0,775.0,26847.0,502.0,1920.3981186599003,2.755653534347888
Cayman Islands,United Kingdom,19.3133,-81.2546,500.0,2.0,476.0,22.0,760.8034083992696,0.4
Ceara,Brazil,-5.4984,-39.3206,539569.0,14149.0,380789.0,143488.0,5894.61675644908,2.6052338747280794
Cesar,Colombia,9.3373,-73.6536,43133.0,1239.0,41115.0,779.0,3592.69815938043,2.872510606728027
Ceuta,Spain,35.8894,-5.3213,5121.0,95.0,163.0,4863.0,6036.85060533544,1.85510642452646
Chandigarh,India,30.733839,76.76827800000002,26999.0,379.0,23702.0,2918.0,2330.567911379894,1.4037556946553575
Channel Islands,United Kingdom,49.3723,-2.3644,4049.0,86.0,3956.0,7.0,2374.793987061508,2.123981229933317
Chechen Republic,Russia,43.39761470000001,45.6985005,11657.0,116.0,11328.0,213.0,811.2146228794953,0.9951102341940464
Chelyabinsk Oblast,Russia,54.4223954,61.1865846,55396.0,1222.0,50488.0,3686.0,1585.898341729086,2.205935446602642
Cherkasy Oblast,Ukraine,49.4444,32.0598,57393.0,759.0,49607.0,7027.0,4757.570557822724,1.3224609272907846
Chernihiv Oblast,Ukraine,51.4982,31.2893,41884.0,862.0,33677.0,7345.0,4164.475090604477,2.05806513227008
Chernivtsi Oblast,Ukraine,48.2917,25.9352,69844.0,1360.0,49629.0,18855.0,7722.9110965153795,1.94719660958708
Chhattisgarh,India,21.264705,82.035366,349187.0,4170.0,319488.0,25529.0,1186.2490140126974,1.194202533313096
Chiapas,Mexico,16.7569,-93.1292,10447.0,1484.0,0.0,8963.0,182.3094402156092,14.205034938259788
Chiba,Japan,35.510141,140.198917,29698.0,568.0,27828.0,1302.0,474.4557849321227,1.9125867061755
Chihuahua,Mexico,28.633000000000006,-106.0691,46333.0,5589.0,0.0,40744.0,1218.8125330956018,12.062676709904387
Choco,Colombia,5.2528,-76.82600000000002,6706.0,204.0,6406.0,96.0,1253.865743251076,3.0420518938264243
Chongqing,China,30.0572,107.874,591.0,6.0,585.0,0.0,1.8437545031207965,1.015228426395939
Chukotka Autonomous Okrug,Russia,66.0006475,169.4900869,733.0,5.0,691.0,37.0,1485.369214557834,0.6821282401091405
Chuvashia Republic,Russia,55.4259922,47.0849429,22792.0,1219.0,20796.0,777.0,1851.3268844472127,5.3483678483678485
Ciudad de Mexico,Mexico,19.4326,-99.1332,608872.0,30534.0,0.0,578338.0,6751.258088105253,5.014847127146592
Coahuila,Mexico,27.0587,-101.7068,66715.0,5869.0,0.0,60846.0,2072.718347666153,8.797122086487297
Colima,Mexico,19.1223,-104.0072,10820.0,1142.0,0.0,9678.0,1378.075356013414,10.554528650646953
Colorado,United States,38.93547446765625,-105.486239959375,7001.227272727273,92.53030303030303,,,8365.7409688725,1.362664188111779
Connecticut,United States,41.61368014,-72.65682967875,34513.77777777778,876.5555555555555,,,7955.352433098626,2.2429367622613774
Cook Islands,New Zealand,-21.2367,-159.7777,0.0,0.0,0.0,0.0,0.0,
Coquimbo,Chile,-29.959,-71.3389,26875.0,508.0,25259.0,1108.0,3547.4520384484404,1.890232558139535
Cordoba,Colombia,8.0493,-75.574,43023.0,2010.0,39770.0,1243.0,2410.545147505327,4.671919670873718
Crimea Republic*,Ukraine,45.2835,34.2008,37633.0,1069.0,35253.0,1311.0,1966.47282193788,2.840592033587543
Cundinamarca,Colombia,5.026,-74.03,110923.0,3066.0,106522.0,1335.0,3799.956150267552,2.764079586740352
Curacao,Netherlands,12.1696,-68.99,8404.0,35.0,5267.0,3102.0,5121.267519804997,0.4164683484055211
Cusco,Peru,-13.191068,-72.153609,43298.0,2833.0,0.0,40465.0,3190.479699358927,6.54302739156543
Dadra and Nagar Haveli and Daman and Diu,India,20.194742,73.080901,3661.0,2.0,3482.0,177.0,594.5845866004898,0.0546298825457525
Dagestan Republic,Russia,43.05749160000001,47.1332224,31050.0,1410.0,28719.0,921.0,1013.4192373408272,4.541062801932367
Dalarna,Sweden,61.0917,14.6664,18657.0,310.0,0.0,18347.0,6478.8898689428615,1.6615747440638902
Delaware,United States,39.10927682333334,-75.53323745666667,23700.5,389.75,,,9542.579826120384,1.353835178051714
Delhi,India,28.646519,77.10898,662430.0,11027.0,642565.0,8838.0,3540.3386321636103,1.6646287154869193
Diamond Princess,Canada,,,0.0,1.0,0.0,0.0,,
Diamond Princess,United States,,,49.0,0.0,,,,0.0
District of Columbia,United States,38.90417773,-77.01655992,44513.0,1064.0,,,6307.199868508493,2.3903129422865232
Distrito Federal,Brazil,-15.7998,-47.8645,344364.0,6029.0,321374.0,16961.0,11420.676371055575,1.7507637267542484
Dnipropetrovsk Oblast,Ukraine,48.4647,35.0462,91122.0,2357.0,74436.0,14329.0,2841.8104979390155,2.586642084238713
Donetsk Oblast,Ukraine,48.0159,37.8028,59206.0,1269.0,47347.0,10590.0,1421.205160660323,2.1433638482586224
Drenthe,Netherlands,52.862485,6.618435000000002,26720.0,324.0,0.0,26396.0,5412.390972326315,1.2125748502994012
Durango,Mexico,24.5593,-104.6588,32316.0,2259.0,0.0,30057.0,1729.0566699982237,6.990345339769774
East Flanders,Belgium,51.0362,3.7373,99902.0,0.0,0.0,99902.0,6549.855597916414,0.0
Ehime,Japan,33.624835,132.856842,1367.0,24.0,1053.0,290.0,102.07472287870132,1.7556693489392832
Emilia-Romagna,Italy,44.49436681,11.3417208,335820.0,11917.0,251468.0,72435.0,7530.479471023172,3.548627240783753
England,United Kingdom,52.3555,-1.1743,3800722.0,111489.0,0.0,3689233.0,6789.767976962049,2.933363713526009
Espirito Santo,Brazil,-19.1834,-40.3089,382480.0,7500.0,351496.0,23152.0,9509.113757107489,1.960024912466177
Extremadura,Spain,39.4937,-6.0679,71103.0,1757.0,2652.0,66694.0,6673.681088468065,2.4710631056354866
Falkland Islands (Malvinas),United Kingdom,-51.7963,-59.5236,54.0,0.0,54.0,0.0,1550.3875968992247,0.0
Faroe Islands,Denmark,61.8926,-6.9118,661.0,1.0,660.0,0.0,1352.7064360994575,0.151285930408472
Flemish Brabant,Belgium,50.9167,4.5833,68073.0,0.0,0.0,68073.0,5889.467687220496,0.0
Flevoland,Netherlands,52.550383,5.515162,29124.0,225.0,0.0,28899.0,6884.764586155297,0.7725587144622992
Florida,United States,28.940754879104475,-82.70074390925373,30260.808823529413,491.54411764705884,,,9446.799994823981,1.9434013086895892
French Guiana,France,4.0,-53.0,16922.0,89.0,9995.0,6838.0,5665.557348618263,0.5259425599810897
French Polynesia,France,-17.6797,-149.4068,18627.0,141.0,4842.0,13644.0,6631.091048899268,0.7569656949589306
Friesland,Netherlands,53.087337,5.7925,32749.0,445.0,0.0,32304.0,5038.641017790408,1.358820116644783
Friuli Venezia Giulia,Italy,45.6494354,13.76813649,97490.0,3307.0,78986.0,15197.0,8022.415694277579,3.3921427838752694
Fujian,China,26.0789,117.9874,561.0,1.0,550.0,10.0,1.3505027408946626,0.17825311942959
Fukui,Japan,35.846614,136.22465400000002,589.0,25.0,526.0,38.0,76.69900004818103,4.244482173174872
Fukuoka,Japan,33.526032,130.666949,19014.0,332.0,18255.0,427.0,372.5547786214611,1.7460818344377826
Fukushima,Japan,37.378867,140.223295,2499.0,113.0,2110.0,276.0,135.4090637918114,4.521808723489396
Galicia,Spain,42.5751,-8.1339,116522.0,2327.0,9204.0,104991.0,4314.924858569397,1.997047767803505
Gansu,China,35.7518,104.2861,193.0,2.0,186.0,5.0,0.7713881041003035,1.0362694300518134
Gavleborg,Sweden,61.3012,16.1534,27932.0,523.0,0.0,27409.0,9719.467468387023,1.8724044107117288
Gelderland,Netherlands,52.061738,5.939114,140927.0,1894.0,0.0,139033.0,6756.003973245789,1.3439582195037147
Georgia,United States,32.808532144842765,-83.57742992610062,6581.04347826087,118.35403726708074,,,9907.109252573637,2.604353836958445
Gibraltar,United Kingdom,36.1408,-5.3536,4274.0,94.0,4168.0,12.0,12685.880502211274,2.199344875994385
Gifu,Japan,35.778671,137.055925,4841.0,125.0,4690.0,26.0,243.68426854701053,2.58211113406321
Gilgit-Baltistan,Pakistan,35.792146,74.982138,5033.0,103.0,4867.0,63.0,496.5547996022037,2.046493145241407
Goa,India,15.359682,74.057396,58039.0,830.0,55653.0,1556.0,3658.881008668243,1.430072882027602
Goias,Brazil,-15.827,-49.8362,486405.0,11711.0,460845.0,11866.0,6900.60660946997,2.3947521107392182
Gotland,Sweden,57.4684,18.4867,3027.0,46.0,0.0,2981.0,5071.541064906343,1.5196564255037992
Grand Princess,Canada,,,13.0,0.0,13.0,0.0,,0.0
Grand Princess,United States,,,103.0,3.0,,,,2.912621359223301
Greenland,Denmark,71.7069,-42.6043,31.0,0.0,31.0,0.0,54.604382442048895,0.0
Groningen,Netherlands,53.217922,6.741514,30730.0,229.0,0.0,30501.0,5245.226724199732,0.7452001301659616
Guadeloupe,France,16.265,-61.551,11512.0,173.0,2242.0,9097.0,2877.086525028304,1.5027797081306462
Guainia,Colombia,2.5854,-68.5247,1335.0,22.0,1308.0,5.0,2774.6601820675896,1.647940074906367
Guam,United States,13.4443,144.7937,7807.0,134.0,,,4753.728026109883,1.7164083514794417
Guanajuato,Mexico,21.019,-101.2574,127725.0,9959.0,0.0,117766.0,2050.7612583140326,7.797220591113721
Guangdong,China,23.3417,113.4244,2282.0,8.0,2235.0,39.0,1.8109313115023264,0.35056967572305
Guangxi,China,23.8298,108.7881,267.0,2.0,265.0,0.0,0.5326491591205376,0.7490636704119851
Guaviare,Colombia,1.0654,-73.2603,2299.0,40.0,2251.0,8.0,2777.6770935276136,1.739886907351022
Guerrero,Mexico,17.4392,-99.5451,37696.0,4083.0,0.0,33613.0,1030.776735771584,10.831387945670627
Guizhou,China,26.8154,106.8748,147.0,2.0,145.0,0.0,0.3812028313360552,1.3605442176870748
Gujarat,India,22.694884,71.590923,307698.0,4519.0,290569.0,12610.0,481.7385988586401,1.4686478300151449
Gunma,Japan,36.504479,138.985605,5007.0,99.0,4710.0,198.0,257.76645648601567,1.977231875374476
Hainan,China,19.1959,109.7453,171.0,6.0,165.0,0.0,1.696221255497344,3.508771929824561
Hainaut,Belgium,50.5257,4.0621,131194.0,0.0,0.0,131194.0,9740.874936889311,0.0
Halland,Sweden,56.8967,12.8034,31823.0,290.0,0.0,31533.0,9532.182310512568,0.9112905759984916
Hamburg,Germany,53.5511,9.9937,61268.0,1382.0,53370.0,6516.0,3307.353717561018,2.255663641705295
Haryana,India,29.20004,76.332824,290800.0,3155.0,277919.0,9726.0,1031.0341272296114,1.0849381017881703
Hawaii,United States,20.99064747,-157.41445579999998,5125.666666666667,77.16666666666667,,,1519.5624391753115,1.1196620918517928
Hebei,China,37.8957,114.9042,1317.0,7.0,1310.0,0.0,1.7651733706508228,0.5315110098709187
Heilongjiang,China,47.862,127.7615,1610.0,13.0,1597.0,0.0,5.054931088416459,0.8074534161490683
Henan,China,33.882,113.614,1311.0,22.0,1283.0,6.0,1.3193711593253994,1.6781083142639206
Hessen,Germany,50.6521,9.1624,219484.0,6338.0,194800.0,18346.0,3487.662942937675,2.887682017823623
Hidalgo,Mexico,20.0911,-98.7624,36661.0,5852.0,0.0,30809.0,1187.8186140938967,15.962466926706854
Himachal Pradesh,India,31.927213,77.233081,63605.0,1048.0,59584.0,2973.0,853.5344080848582,1.6476692083955664
Hiroshima,Japan,34.605309000000005,132.788719,5172.0,106.0,4961.0,105.0,184.4391420370397,2.0494972931167825
Hokkaido,Japan,43.385711,142.552318,20994.0,749.0,19413.0,832.0,399.88198205388176,3.5676860055253883
Hong Kong,China,22.3,114.2,11467.0,205.0,11095.0,167.0,152.95475996493525,1.7877387285253337
Huancavelica,Peru,-13.023888,-75.00277,10801.0,737.0,0.0,10064.0,2956.7478784560635,6.823442273863531
Huanuco,Peru,-9.421676,-76.040642,26786.0,1967.0,0.0,24819.0,3523.082993555176,7.34338833719107
Hubei,China,30.9756,112.2707,68152.0,4512.0,63639.0,1.0,118.00689621413646,6.620495363305552
Huila,Colombia,2.5359,-75.5277,50915.0,1791.0,48765.0,359.0,4627.012702815194,3.5176274182460965
Hunan,China,27.6104,111.7088,1042.0,4.0,1033.0,5.0,1.5682175224258117,0.3838771593090211
Hyogo,Japan,35.039913,134.828057,20058.0,591.0,18014.0,1453.0,366.94663010250287,2.946455279688902
Ibaraki,Japan,36.303588,140.319591,6740.0,127.0,6264.0,349.0,235.63904154344272,1.8842729970326408
Ica,Peru,-14.235097,-75.574821,44464.0,5924.0,0.0,38540.0,4559.474979491386,13.323137819359482
Idaho,United States,44.26340125840909,-114.46012491818182,4011.911111111111,43.6,,,8883.50902018242,1.2192811896196512
Illinois,United States,39.84361770127451,-89.17833006960784,11967.163461538461,226.72115384615384,,,10584.064321207843,27.172006393365717
Indiana,United States,39.837353165652175,-86.21856844913043,7381.688172043011,140.20430107526883,,,10027.722456179134,2.0279975342524774
Ingushetia Republic,Russia,43.11542075,45.01713552,15120.0,181.0,13403.0,1536.0,3098.08766850462,1.197089947089947
Inner Mongolia,China,44.0935,113.9448,375.0,1.0,368.0,6.0,1.559306345690732,0.2666666666666666
Iowa,United States,42.02991002353535,-93.46551942343434,3514.02,57.43,,,11192.184683911457,2.147585116663496
Irkutsk Oblast,Russia,56.6370122,104.719221,61581.0,2010.0,58655.0,916.0,2561.3978899382123,3.2639937643104204
Ishikawa,Japan,36.769464,136.771027,1911.0,64.0,1824.0,23.0,167.97799672834063,3.349031920460492
Islamabad,Pakistan,33.665087,73.121219,58557.0,572.0,47584.0,10401.0,2918.260595682587,0.976825998599655
Isle of Man,United Kingdom,54.2361,-4.5481,1569.0,29.0,1247.0,293.0,1845.187694044595,1.8483110261312936
Ivano-Frankivsk Oblast,Ukraine,48.9226,24.7111,79225.0,1699.0,62236.0,15290.0,5769.152347857495,2.144525086778164
Ivanovo Oblast,Russia,56.9167446,41.43521370000001,32556.0,1039.0,31025.0,492.0,3208.606745603885,3.191424007863374
Iwate,Japan,39.593287,141.361777,621.0,30.0,550.0,41.0,50.61883770671397,4.830917874396135
Jalisco,Mexico,20.6595,-103.3494,82617.0,11354.0,0.0,71263.0,982.4020924426136,13.742934262924097
Jammu and Kashmir,India,33.75943,76.612638,130960.0,1994.0,126435.0,2531.0,962.4938998935788,1.5226023213194868
Jamtland Harjedalen,Sweden,63.1712,14.9592,8519.0,118.0,0.0,8401.0,6512.499044415565,1.385139100833431
Jewish Autonomous Okrug,Russia,48.57527615,132.66307460000002,4431.0,125.0,4230.0,76.0,2734.948831582456,2.8210336267208307
Jharkhand,India,23.654536,85.557631,124201.0,1113.0,120263.0,2825.0,321.8147052486053,0.8961280504987883
Jiangsu,China,32.9711,119.455,710.0,0.0,704.0,6.0,0.8377777244956389,0.0
Jiangxi,China,27.614,115.7221,937.0,1.0,934.0,2.0,2.073530213957558,0.1067235859124866
Jilin,China,43.6661,126.1923,573.0,3.0,570.0,0.0,2.38021525204548,0.5235602094240838
Johor,Malaysia,1.4854,103.7618,41258.0,104.0,39594.0,1560.0,1094.899421474444,0.2520723253672015
Jonkoping,Sweden,57.3708,14.3439,33356.0,535.0,0.0,32821.0,9173.842612328415,1.6039093416476795
Junin,Peru,-11.541783,-74.876968,50352.0,4386.0,0.0,45966.0,3698.273962541314,8.71067683508103
Kabardino-Balkarian Republic,Russia,43.4806048,43.5978976,22792.0,418.0,21680.0,694.0,2632.3935007876853,1.833976833976834
Kagawa,Japan,34.217292,133.969047,836.0,19.0,752.0,65.0,87.41596930821134,2.272727272727273
Kagoshima,Japan,31.009484000000004,130.430665,1830.0,28.0,1771.0,31.0,114.21274651697932,1.530054644808743
Kaliningrad Oblast,Russia,54.7293041,21.1489473,30240.0,334.0,27903.0,2003.0,3040.4213155251514,1.1044973544973544
Kalmar,Sweden,57.235,16.1849,15188.0,222.0,0.0,14966.0,6187.919134962476,1.4616802739004475
Kalmykia Republic,Russia,46.2313018,45.3275745,19952.0,315.0,19094.0,543.0,7244.392966199853,1.5787890938251803
Kaluga Oblast,Russia,54.4382773,35.5272854,32345.0,281.0,30156.0,1908.0,3195.969392998016,0.868758695316123
Kamchatka Krai,Russia,57.1914882,160.03838190000005,14120.0,201.0,13212.0,707.0,4474.627404874555,1.4235127478753542
Kanagawa,Japan,35.415312,139.338983,48069.0,785.0,46334.0,950.0,522.5875132144442,1.63306912979259
Kansas,United States,38.48537889685714,-98.08455153209523,2840.5607476635514,45.86915887850467,,,11016.745574138038,2.2892201152696225
Karachay-Cherkess Republic,Russia,43.7368326,41.7267991,19680.0,71.0,18785.0,824.0,4220.413677743108,0.3607723577235772
Karelia Republic,Russia,62.61940309999999,33.4920267,43859.0,388.0,41342.0,2129.0,7045.803586919503,0.8846530928657744
Karnataka,India,14.70518,76.166436,997004.0,12567.0,956170.0,28267.0,1475.6725332086412,1.2604763872562197
Kedah,Malaysia,6.1184,100.3685,8435.0,25.0,8067.0,343.0,385.882245299419,0.2963841138114997
Kelantan,Malaysia,6.1254,102.2381,6250.0,23.0,5638.0,589.0,330.30335059718846,0.368
Kemerovo Oblast,Russia,54.53357809999999,87.342861,33258.0,612.0,32372.0,274.0,1234.1194050785991,1.8401587587948764
Kentucky,United States,37.62214385,-85.199890618,3527.900826446281,50.33057851239669,,,9271.049293694863,1.7187733709666484
Kerala,India,10.450898,76.405749,1124584.0,4621.0,1094404.0,25559.0,3150.1443874068286,0.4109075000177843
Khabarovsk Krai,Russia,51.6312684,136.121524,50641.0,346.0,48230.0,2065.0,3812.461322801592,0.6832408522738492
Khakassia Republic,Russia,53.72258845,91.44293627,21849.0,504.0,21082.0,263.0,4064.831920344252,2.3067417273101745
Khanty-Mansi Autonomous Okrug,Russia,61.0259025,69.0982628,54175.0,782.0,52662.0,731.0,3535.666340130123,1.443470235348408
Kharkiv Oblast,Ukraine,49.9935,36.2304,103804.0,1962.0,84783.0,17059.0,3879.6560619345655,1.890100574158992
Kherson Oblast,Ukraine,46.6354,32.6169,24258.0,704.0,21306.0,2248.0,2337.8050190817626,2.902135378019622
Khmelnytskyi Oblast,Ukraine,49.423,26.9871,63780.0,1156.0,50632.0,11992.0,5043.073285865084,1.8124804013797429
Khyber Pakhtunkhwa,Pakistan,34.485332,72.09169,88099.0,2363.0,76640.0,9096.0,288.6280155622392,2.682209786717216
Kiev,Ukraine,50.4501,30.5234,162291.0,3405.0,105605.0,53281.0,5499.898332655551,2.0980830729985027
Kiev Oblast,Ukraine,50.053,30.7667,95323.0,1612.0,77512.0,16199.0,5391.755376313676,1.691092391133305
Kirov Oblast,Russia,57.9665589,49.4074599,39754.0,324.0,36120.0,3310.0,3097.9444187282484,0.8150123258036928
Kirovohrad Oblast,Ukraine,48.5079,32.2623,13162.0,467.0,9059.0,3636.0,1391.9955496753737,3.5480929949855646
Kochi,Japan,33.422519,133.367307,917.0,19.0,886.0,12.0,131.3699001044369,2.0719738276990185
Komi Republic,Russia,63.9881421,54.3326073,41616.0,805.0,40420.0,391.0,4949.142141560022,1.9343521722414456
Kostroma Oblast,Russia,58.424756,44.2533273,19657.0,390.0,16884.0,2383.0,3055.536557007045,1.9840260467009208
Krasnodar Krai,Russia,45.7684014,39.0261044,42369.0,2322.0,37232.0,2815.0,756.1275078434242,5.48042200665581
Krasnoyarsk Krai,Russia,63.3233807,97.0979974,66784.0,3162.0,61816.0,1806.0,2321.712833352512,4.734666986104457
Kronoberg,Sweden,56.7183,14.4115,15331.0,297.0,0.0,15034.0,7609.607433401665,1.9372513208531728
Kumamoto,Japan,32.608154,130.74523100000002,3506.0,74.0,3407.0,25.0,200.6217787358081,2.110667427267541
Kurgan Oblast,Russia,55.7655302,64.5632681,19221.0,352.0,17492.0,1377.0,2273.2299118784867,1.8313303158004264
Kursk Oblast,Russia,51.6568453,36.4852695,34014.0,574.0,30772.0,2668.0,3049.9346775618096,1.6875404245310754
Kyoto,Japan,35.253815,135.443341,9517.0,169.0,9079.0,269.0,368.4536753805813,1.7757696753178522
La Guajira,Colombia,11.3548,-72.5205,17879.0,665.0,16841.0,373.0,2030.4124647951303,3.719447396386823
La Libertad,Peru,-7.92139,-78.370238,53637.0,6857.0,0.0,46780.0,2659.510115033717,12.78408561254358
La Rioja,Spain,42.2871,-2.5396,27895.0,744.0,3107.0,24044.0,8895.91193063134,2.6671446495787774
Ladakh,India,34.1526,77.5771,10157.0,130.0,9771.0,256.0,3703.028557470405,1.2799054839027273
Lakshadweep,India,13.6999972,72.18333259999999,723.0,1.0,680.0,42.0,1122.1654844867994,0.1383125864453665
Lambayeque,Peru,-6.353049,-79.824113,42053.0,6023.0,0.0,36030.0,3208.193469636863,14.32240268232944
Lazio,Italy,41.89277044,12.48366722,285447.0,6644.0,227752.0,51051.0,4855.298837471564,2.327577448703262
Leningrad Oblast,Russia,60.1853296,32.3925325,39866.0,932.0,37316.0,1618.0,2197.90761576698,2.337831736316661
Liaoning,China,41.2956,122.6085,407.0,2.0,405.0,0.0,0.9555918169127402,0.4914004914004914
Liege,Belgium,50.4496,5.8492,112208.0,0.0,0.0,112208.0,10110.65056766985,0.0
Liguria,Italy,44.41149315,8.9326992,89324.0,3879.0,78350.0,7095.0,5760.460197079916,4.342617885450719
Lima,Peru,-11.766533,-76.60449799999998,722513.0,67669.0,0.0,654844.0,6797.883050289316,9.365783037813852
Limburg,Belgium,50.9739,5.3420000000000005,45446.0,0.0,0.0,45446.0,5179.798716618986,0.0
Limburg,Netherlands,51.209227,5.93387,82689.0,1513.0,0.0,81176.0,7401.443428711575,1.829747608508992
Lipetsk Oblast,Russia,52.6935178,39.1122664,27606.0,530.0,24350.0,2726.0,2400.102242999267,1.9198724914873573
Lombardia,Italy,45.46679409,9.190347404,735484.0,30735.0,608894.0,95855.0,7310.55703183536,4.178880845810378
Loreto,Peru,-4.124847,-74.424115,35772.0,3739.0,0.0,32033.0,3481.1210587777346,10.452309068545231
Los Lagos,Chile,-41.9198,-72.1416,60819.0,794.0,58420.0,1605.0,7339.014465891484,1.3055130797941432
Los Rios,Chile,-40.231,-72.3311,27478.0,304.0,25542.0,1632.0,7140.16583644504,1.106339617148264
Louisiana,United States,31.0924273834375,-91.82418665609374,6741.409090909091,153.65151515151516,,,10111.219181949724,2.5045171083379687
Luhansk Oblast,Ukraine,48.574,39.3078,17460.0,522.0,14958.0,1980.0,811.4012565101474,2.989690721649485
Luxembourg,Belgium,50.0547,5.4677,25194.0,0.0,0.0,25194.0,8785.989286909944,0.0
Lviv Oblast,Ukraine,49.8397,24.0297,103670.0,2629.0,79111.0,21930.0,4110.592259144552,2.535931320536317
Macau,China,22.1667,113.55,48.0,0.0,48.0,0.0,7.392098462751524,0.0
Madhya Pradesh,India,23.541513,78.289633,295511.0,3986.0,274429.0,17096.0,346.1979652635198,1.3488499582079856
Madre de Dios,Peru,-11.972699,-70.53171999999998,11605.0,194.0,0.0,11411.0,6677.215189873417,1.6716932356742784
Madrid,Spain,40.4168,-3.7038,625215.0,14564.0,40736.0,569915.0,9413.550761264258,2.3294386730964547
Magadan Oblast,Russia,62.48858785,153.9903764,8255.0,99.0,8035.0,121.0,5729.018467496235,1.199273167777105
Magallanes,Chile,-52.368,-70.9863,23107.0,345.0,22476.0,286.0,13875.32801306648,1.4930540528844074
Magdalena,Colombia,10.4113,-74.4057,43967.0,1618.0,40528.0,1821.0,3276.849716712404,3.6800327518366047
Maharashtra,India,19.449759,76.108221,2812980.0,54649.0,2400727.0,357604.0,2284.2971691818625,1.9427439939139275
Maine,United States,44.687688406250004,-69.523768628125,2805.777777777778,41.27777777777778,,,3052.2238165384742,1.5340435590417485
Manipur,India,24.738975,93.882541,29400.0,374.0,28956.0,70.0,950.9808202694768,1.272108843537415
Manitoba,Canada,53.7609,-98.8139,34122.0,935.0,32006.0,1181.0,2465.881128659852,2.740167633784655
Maranhao,Brazil,-4.9609,-45.2744,242401.0,6070.0,220903.0,15428.0,3426.0748947624097,2.50411508203349
Marche,Italy,43.61675973,13.5188753,88370.0,2621.0,76382.0,9367.0,5793.7245250188325,2.965938666968428
Mari El Republic,Russia,56.5767504,47.8817512,12542.0,205.0,11672.0,665.0,1838.105441184876,1.6345080529421143
Martinique,France,14.6415,-61.0242,7679.0,50.0,98.0,7531.0,2046.287290314844,0.6511264487563485
Maryland,United States,39.014920690416666,-76.67546760875,16453.76,331.44,,,6556.603829688633,2.09649996016303
Massachusetts,United States,42.17639998153846,-71.57704993461539,45398.57142857143,1227.5,,,7711.875848339074,2.8769186910873503
Mato Grosso,Brazil,-12.6819,-56.9211,310337.0,7675.0,284856.0,16148.0,8854.900578740042,2.444368100704595
Mato Grosso do Sul,Brazil,-20.7722,-54.7852,217457.0,4334.0,194999.0,16322.0,7758.153513547747,1.9837846362211151
Maule,Chile,-35.5183,-71.6885,54132.0,989.0,49997.0,3146.0,5180.343557107995,1.827015443730141
Mayotte,France,-12.8275,45.166244,19408.0,161.0,2964.0,16283.0,7114.030489749389,0.8295548227535037
Mecklenburg-Vorpommern,Germany,53.6127,12.4296,30658.0,867.0,26910.0,2881.0,1903.3085957434128,2.827973122839063
Meghalaya,India,25.536934,91.278882,14065.0,150.0,13866.0,49.0,417.7669000299996,1.066477070742979
Melaka,Malaysia,2.1896,102.2501,6537.0,22.0,6196.0,319.0,700.8684464458025,0.3365458161236041
Melilla,Spain,35.2923,-2.9381,7861.0,79.0,125.0,7657.0,9282.197215695072,1.00496120086503
Meta,Colombia,3.272,-73.0877,43742.0,999.0,42271.0,472.0,4207.086124944937,2.2838461890174204
Metropolitana,Chile,-33.4376,-70.6505,419769.0,12868.0,392112.0,14789.0,5901.593294800028,3.065495546360022
Mexico,Mexico,19.4969,-99.7233,233538.0,31569.0,0.0,201969.0,1340.0322129197104,13.517714461886287
Michigan,United States,44.04362008975904,-85.18169553542168,8578.747126436781,196.77011494252875,,,6643.837575016264,2.253302695510184
Michoacan,Mexico,19.5665,-101.7068,45250.0,5090.0,0.0,40160.0,937.7458992527252,11.248618784530386
Mie,Japan,34.508018,136.376013,2753.0,70.0,2627.0,56.0,154.58632295682702,2.542680711950599
Minas Gerais,Brazil,-18.5122,-44.555,1123913.0,24332.0,1005681.0,93900.0,5309.292344565167,2.164936253962718
Minnesota,United States,45.55201297954023,-94.43095302689655,5903.738636363636,78.70454545454545,,,9670.251385983818,1.5541900045494976
Mississippi,United States,32.792726566585365,-89.64572580048781,3676.4578313253014,84.72289156626506,,,10907.781820257385,2.6246540002548713
Missouri,United States,38.45676488163793,-92.49948688465517,4971.623931623932,75.66666666666667,,,9396.871330702817,1.511722967415252
Miyagi,Japan,38.446859,140.927086,6035.0,31.0,4372.0,1632.0,261.66716889997895,0.5136702568351285
Miyazaki,Japan,32.193203999999994,131.299374,1962.0,22.0,1924.0,16.0,182.80053778017532,1.1213047910295617
Mizoram,India,23.309381,92.83822,4476.0,11.0,4434.0,31.0,361.1879500727863,0.2457551385165326
Molise,Italy,41.55774754,14.65916051,12270.0,438.0,10966.0,866.0,4014.8290180192857,3.569682151589242
Montana,United States,46.974691131964285,-109.70039488214286,1834.2456140350878,25.210526315789473,,,9453.095517877364,2.0221850093624654
Montserrat,United Kingdom,16.742498,-62.187366,20.0,1.0,19.0,0.0,400.0800160032006,5.0
Moquegua,Peru,-16.860271,-70.839046,21704.0,1143.0,0.0,20561.0,11263.103269330566,5.266310357537781
Mordovia Republic,Russia,54.4419829,44.4661144,19052.0,203.0,17039.0,1810.0,2366.5434454249144,1.065504933865211
Morelos,Mexico,18.6813,-99.1013,30048.0,2749.0,0.0,27299.0,1470.016995603843,9.148695420660276
Moscow,Russia,55.7504461,37.6174943,1026740.0,16656.0,944738.0,65346.0,8209.671987326878,1.6222217893527089
Moscow Oblast,Russia,55.50431579999999,38.0353929,232261.0,5441.0,190628.0,36192.0,3095.416268790686,2.3426231696238284
Murcia,Spain,37.9922,-1.1307,108542.0,1562.0,2180.0,104800.0,7296.141666493017,1.439074275395699
Murmansk Oblast,Russia,68.00004179999999,33.9999151,49068.0,1080.0,46965.0,1023.0,6511.518040440205,2.201027146001467
Mykolaiv Oblast,Ukraine,46.975,31.9946,51924.0,1062.0,41892.0,8970.0,2058.8250454694867,2.045296972498267
Nagaland,India,26.06702,94.470302,12340.0,92.0,12136.0,112.0,548.5187992150047,0.7455429497568882
Nagano,Japan,36.132134,138.045528,2796.0,41.0,2513.0,242.0,136.4707949570234,1.4663805436337625
Nagasaki,Japan,33.235712,129.608033,1634.0,39.0,1577.0,18.0,123.17907553877652,2.386780905752754
Namur,Belgium,50.331,4.8221,48274.0,0.0,0.0,48274.0,9735.958953839205,0.0
Nara,Japan,34.317451,135.871644,3691.0,55.0,3433.0,203.0,277.4931340936139,1.490111081007857
Narino,Colombia,1.2892,-77.3579,50335.0,1693.0,47843.0,799.0,3086.915672344768,3.363464785934241
Navarra,Spain,42.6954,-1.6761,54315.0,1121.0,3905.0,49289.0,8356.848107381229,2.063886587498849
Nayarit,Mexico,21.7514,-104.8455,11315.0,1739.0,0.0,9576.0,878.1045049128065,15.368979231109147
Nebraska,United States,41.3217949472043,-99.03901222387097,2227.0851063829787,23.19148936170213,,,9254.791637259172,1.531492291959328
Negeri Sembilan,Malaysia,2.7258,101.9424,17269.0,31.0,16868.0,370.0,1525.3952831021995,0.1795124211013955
Nenets Autonomous Okrug,Russia,68.27557185,57.1686375,1082.0,4.0,1019.0,59.0,2459.258585812669,0.3696857670979667
Nevada,United States,39.25599674470588,-117.56399353529412,16875.666666666668,291.6111111111111,,,7121.5181091068725,1.6726781369006896
New Brunswick,Canada,46.5653,-66.4619,1613.0,30.0,1447.0,136.0,204.37771231271185,1.8598884066955983
New Caledonia,France,-20.904305,165.618042,121.0,0.0,58.0,63.0,42.38312241016354,0.0
New Hampshire,United States,43.478972876,-71.57765670500001,7652.363636363636,112.54545454545455,,,5099.695834949436,1.3331374805449503
New Jersey,United States,40.28644091095238,-74.62244971476191,41309.818181818184,1116.409090909091,,,9700.874833377842,2.5102754781987895
New Mexico,United States,34.54935897878788,-105.88710740909092,5636.823529411765,115.79411764705883,,,7867.347752679081,2.4775248086344193
New South Wales,Australia,-33.8688,151.2093,5296.0,54.0,0.0,5242.0,65.23774328652378,1.0196374622356494
New York,United States,42.544151333225805,-75.47418330774194,29267.78125,782.765625,,,7276.936402908224,2.8600606429723756
Newfoundland and Labrador,Canada,53.1355,-57.6604,1019.0,6.0,1006.0,7.0,195.7533622897188,0.5888125613346418
Niedersachsen,Germany,52.6367,9.8451,198107.0,4880.0,177600.0,15627.0,2475.279008813856,2.463315279116841
Niigata,Japan,37.521819,138.918647,1461.0,18.0,1237.0,206.0,65.71886360794312,1.2320328542094456
Ningxia,China,37.2692,106.1655,75.0,0.0,75.0,0.0,1.041282838242681,0.0
Nizhny Novgorod Oblast,Russia,55.47180329999999,44.0911594,107452.0,2847.0,101555.0,3050.0,3321.8002492926817,2.649555150206604
Noord-Brabant,Netherlands,51.561174,5.184942,200581.0,3003.0,0.0,197578.0,7826.161598623464,1.4971507769928358
Noord-Holland,Netherlands,52.60090600000001,4.918688,220654.0,2413.0,0.0,218241.0,7662.85573984894,1.093567304467628
Nordrhein-Westfalen,Germany,51.4332,7.6616,612947.0,14230.0,551400.0,47317.0,3419.4003314817883,2.3215710330583232
Norrbotten,Sweden,66.8309,20.3992,16375.0,238.0,0.0,16137.0,6547.5643060781385,1.453435114503817
Norte de Santander,Colombia,7.9463,-72.8988,51927.0,2764.0,48486.0,677.0,3481.087545728365,5.322857087834845
North Carolina,United States,35.62420971,-79.5010987396,9050.81188118812,119.92079207920793,,,8867.377965456064,1.5786213271622926
North Dakota,United States,47.393506727924525,-100.24939343566037,1909.0925925925926,27.74074074074074,,,12519.49946076013,1.9255894250218508
North Ossetia - Alania Republic,Russia,42.79336110000001,44.6324493,16339.0,161.0,15361.0,817.0,2328.272284881691,0.9853724218128403
Northern Ireland,United Kingdom,54.7877,-6.4923,117289.0,2115.0,0.0,115174.0,6233.471513605442,1.803238155325734
Northern Mariana Islands,United States,15.0979,145.6739,159.0,2.0,,,288.3359930364137,1.2578616352201255
Northern Territory,Australia,-12.4634,130.8456,108.0,0.0,106.0,2.0,43.97394136807818,0.0
Northwest Territories,Canada,64.8255,-124.8457,47.0,0.0,47.0,0.0,103.28762306610408,0.0
Nova Scotia,Canada,44.682,-63.7443,1716.0,66.0,1627.0,23.0,172.97428065984244,3.8461538461538463
Novgorod Oblast,Russia,58.2843833,32.5169757,28674.0,121.0,25749.0,2804.0,4727.969449739149,0.4219850735858269
Novosibirsk Oblast,Russia,54.9720169,79.48139240000002,38774.0,1625.0,35949.0,1200.0,1390.3226743362584,4.190952700263063
Nuble,Chile,-36.7226,-71.7622,21360.0,403.0,19910.0,1047.0,4444.361216706304,1.886704119850188
Nuevo Leon,Mexico,25.5922,-99.9962,119881.0,9029.0,0.0,110852.0,2136.857943089966,7.531635538575754
Nunavut,Canada,70.2998,-83.1076,395.0,4.0,391.0,0.0,1002.4617414917644,1.0126582278481011
OHiggins,Chile,-34.5755,-71.0022,38436.0,890.0,35429.0,2117.0,4202.699673611756,2.315537516911229
Oaxaca,Mexico,17.0732,-96.7266,43614.0,3242.0,0.0,40372.0,1052.564766858135,7.433392947218783
Odessa Oblast,Ukraine,46.4846,30.7326,107566.0,1776.0,83037.0,22753.0,4518.995020812433,1.651079337337077
Odisha,India,20.505428,84.418059,340917.0,1921.0,337091.0,1905.0,735.4270076663095,0.5634802605912876
Ohio,United States,40.31066981295454,-82.83540800659091,11433.32584269663,216.76404494382024,,,8635.16716660067,2.114253664794835
Oita,Japan,33.200697,131.43323999999998,1309.0,22.0,1277.0,10.0,115.2863134272886,1.680672268907563
Okayama,Japan,34.89246,133.826252,2693.0,35.0,2524.0,134.0,142.5179907133097,1.2996658002228
Okinawa,Japan,25.768923,126.668016,9482.0,128.0,8622.0,732.0,652.5054226352356,1.3499261759122547
Oklahoma,United States,35.50191442597403,-97.2513995677922,5566.329113924051,62.69620253164557,,,11563.807105959084,1.2541695609687604
Omsk Oblast,Russia,56.09352629999999,73.5099936,43776.0,1316.0,40523.0,1937.0,2233.377090028422,3.006213450292398
Ontario,Canada,51.2538,-85.3232,356576.0,7366.0,329652.0,19558.0,2405.0273986535794,2.065758772323432
Orebro,Sweden,59.535,15.0066,22112.0,301.0,0.0,21811.0,7254.474172011614,1.3612518089725036
Oregon,United States,44.49240067472223,-121.47691959722222,4459.783783783784,64.4054054054054,,,4117.017653129603,1.6287263404585512
Orel Oblast,Russia,52.96854329999999,36.0692477,32432.0,501.0,29746.0,2185.0,4340.198087111759,1.5447705969412926
Orenburg Oblast,Russia,52.02692620000001,54.7276647,40013.0,733.0,36637.0,2643.0,2023.1883178609712,1.8319046309949267
Osaka,Japan,34.620965000000005,135.507481,52201.0,1184.0,47254.0,3763.0,592.5627085636045,2.2681557824562746
Ostergotland,Sweden,58.3454,15.5198,28154.0,576.0,0.0,27578.0,6048.185265147853,2.045890459614975
Overijssel,Netherlands,52.444558,6.441722,85289.0,1073.0,0.0,84216.0,7337.281466200277,1.2580754845290718
P.A. Bolzano,Italy,46.49933453,11.35662422,68954.0,1126.0,67142.0,686.0,12953.535292813694,1.632972706441976
P.A. Trento,Italy,46.06893511,11.12123097,41231.0,1282.0,37086.0,2863.0,7615.372965065809,3.1093109553491307
Pahang,Malaysia,3.8126,103.3256,4269.0,17.0,3961.0,291.0,254.5465386679387,0.3982197235886625
Pais Vasco,Spain,42.9896,-2.6189,162872.0,3944.0,16160.0,142768.0,7478.465296526898,2.4215334741392014
Para,Brazil,-1.9981,-54.9306,420372.0,10503.0,390166.0,16931.0,4853.301777954205,2.497107943753997
Paraiba,Brazil,-7.24,-36.782,259173.0,5744.0,183369.0,70060.0,6450.094782967288,2.216280245241596
Parana,Brazil,-25.2521,-52.0215,846105.0,16717.0,589955.0,239433.0,7399.931624720995,1.9757595097535177
Pasco,Peru,-10.39655,-75.307635,10983.0,668.0,0.0,10315.0,4039.352703199706,6.082126923427115
Pennsylvania,United States,40.81807835477612,-77.61531783850747,15220.882352941177,368.95588235294116,,,8183.076868909531,2.549831514565954
Penza Oblast,Russia,53.1655415,44.78791810000001,42019.0,530.0,38783.0,2706.0,3155.3968557922285,1.2613341583569335
Perak,Malaysia,4.5921,101.0901,12964.0,44.0,12563.0,357.0,515.610706757348,0.3394014193150262
Perlis,Malaysia,6.4449,100.2048,330.0,2.0,320.0,8.0,129.61508248232522,0.6060606060606061
Perm Krai,Russia,58.5951603,56.3159546,51249.0,1956.0,45575.0,3718.0,1953.7406190028523,3.816659837265117
Pernambuco,Brazil,-8.8137,-36.9541,349231.0,12175.0,293723.0,43333.0,3654.1634984191287,3.4862311764992224
Piaui,Brazil,-7.7183,-42.7289,206631.0,4141.0,201169.0,0.0,6263.085328331949,2.00190239262457
Piemonte,Italy,45.0732745,7.680687483,309280.0,10308.0,263913.0,35059.0,7099.430126576816,3.332902224521469
Piura,Peru,-5.133361,-80.335861,57548.0,8300.0,0.0,49248.0,2809.9609375,14.422742753875026
Poltava Oblast,Ukraine,49.5883,34.5514,55021.0,1153.0,46321.0,7547.0,3928.839456770341,2.0955635121135567
Port Quarantine,Japan,,,2402.0,3.0,2274.0,125.0,,0.1248959200666111
Primorsky Krai,Russia,45.0819456,134.726645,42358.0,678.0,38697.0,2983.0,2214.1756798221886,1.6006421455215072
Prince Edward Island,Canada,46.5107,-63.4168,159.0,0.0,145.0,14.0,96.7635925461605,0.0
Pskov Oblast,Russia,57.5358729,28.8586826,34266.0,244.0,23527.0,10495.0,5383.114496045848,0.712076110430164
Puducherry,India,11.882658,78.86498,41468.0,682.0,39712.0,1074.0,2933.6234791750085,1.6446416513938458
Puebla,Mexico,19.0414,-98.2063,78194.0,10252.0,0.0,67942.0,1183.9591209019493,13.110980382126506
Puerto Rico,United States,18.240118884615384,-66.40498556410256,1343.375,26.475,,,2784.816551552253,0.85624191461837
Puglia,Italy,41.12559576,16.86736689,193012.0,4812.0,141343.0,46857.0,4790.505361929962,2.493109236731395
Pulau Pinang,Malaysia,5.4141,100.3288,16067.0,21.0,14730.0,1316.0,903.8591359135912,0.1307026825169602
Punjab,India,30.841465000000003,75.40879,239734.0,6868.0,209034.0,23832.0,795.3652277220417,2.8648418664019286
Punjab,Pakistan,30.811346,72.13913199999998,223181.0,6427.0,189856.0,26898.0,202.86887186814744,2.8797254246553248
Puno,Peru,-14.995826999999998,-69.922726,25961.0,2501.0,0.0,23460.0,2097.011308562197,9.63368129116752
Putumayo,Colombia,0.436,-75.5277,8204.0,324.0,7732.0,148.0,2356.238978465285,3.949293027791321
Qinghai,China,35.7452,95.9956,18.0,0.0,18.0,0.0,0.3038509563793255,0.0
Quebec,Canada,52.9399,-73.5491,311776.0,10667.0,291906.0,9203.0,3623.408462669802,3.4213666221902903
Queensland,Australia,-27.4698,153.0251,1477.0,6.0,1343.0,128.0,28.87303293910664,0.4062288422477996
Queretaro,Mexico,20.5888,-100.3899,64368.0,3879.0,0.0,60489.0,2823.6074427639137,6.026286353467562
Quindio,Colombia,4.461,-75.6674,34536.0,1021.0,33016.0,499.0,6396.692745376956,2.9563354181144312
Quintana Roo,Mexico,19.1817,-88.4791,21302.0,2496.0,0.0,18806.0,1236.1461625907657,11.7172096516759
Rajasthan,India,26.583423,73.847973,333149.0,2818.0,321668.0,8663.0,411.1291432029363,0.8458677648739753
Recovered,United States,,,0.0,0.0,,,,
Repatriated Travellers,Canada,,,13.0,0.0,13.0,0.0,,0.0
Reunion,France,-21.1151,55.5364,16586.0,115.0,14828.0,1643.0,1852.546833045164,0.6933558422766188
Rheinland-Pfalz,Germany,50.1183,7.309,116799.0,3328.0,104800.0,8671.0,2849.8744995292054,2.849339463522804
Rhode Island,United States,41.655142106,-71.464105098,22888.166666666668,436.5,,,9561.029720905231,1.655048835129257
Rio Grande do Norte,Brazil,-5.4026,-36.9541,197809.0,4548.0,142776.0,48978.0,5596.499197428578,2.296431792358135
Rio Grande do Sul,Brazil,-30.0346,-51.2177,845380.0,19736.0,801198.0,24446.0,7430.44951415717,2.334571435330857
Rio de Janeiro,Brazil,-22.9068,-43.1729,647875.0,36727.0,599767.0,11381.0,3752.5464173267183,5.668840439899672
Risaralda,Colombia,5.3158,-75.9928,48878.0,1213.0,46718.0,947.0,5181.041783928574,2.481689103482139
Rivne Oblast,Ukraine,50.6199,26.2516,57724.0,747.0,50901.0,6076.0,4987.812159498696,1.2940891137135333
Rondonia,Brazil,-11.5057,-63.5806,187270.0,4143.0,164607.0,18520.0,10537.21391495168,2.21231377155978
Roraima,Brazil,-2.7376,-62.0751,89853.0,1346.0,84118.0,4066.0,14778.930964522311,1.4979056129572743
Rostov Oblast,Russia,47.6222451,40.7957942,80836.0,3577.0,72661.0,4598.0,1915.339873549089,4.42500865950814
Ryazan Oblast,Russia,54.42267320000001,40.57052460000001,26315.0,366.0,24363.0,1586.0,2346.465455284741,1.3908417252517575
Saarland,Germany,49.3964,7.023,31968.0,940.0,29590.0,1438.0,3248.81020253234,2.9404404404404403
Sabah,Malaysia,5.9788,116.0753,54768.0,392.0,53870.0,506.0,1402.6173585678798,0.7157464212678937
Sachsen,Germany,51.1045,13.2017,222287.0,8373.0,197600.0,16314.0,5479.177537952856,3.766751991794392
Sachsen-Anhalt,Germany,51.9503,11.6923,73326.0,2742.0,64430.0,6154.0,3362.5229515142955,3.739464855576467
Saga,Japan,33.286977,130.115738,1189.0,13.0,1160.0,16.0,145.9413215238287,1.0933557611438185
Saint Barthelemy,France,17.9,-62.8333,857.0,1.0,462.0,394.0,8669.701568032373,0.116686114352392
"Saint Helena, Ascension and Tristan da Cunha",United Kingdom,-7.9467,-14.3559,4.0,0.0,4.0,0.0,70.65889418830595,0.0
Saint Petersburg,Russia,59.9606739,30.158655100000004,394631.0,12270.0,347480.0,34881.0,7373.613468773444,3.1092336891931955
Saint Pierre and Miquelon,France,46.8852,-56.3159,24.0,0.0,24.0,0.0,414.1501294219154,0.0
Saitama,Japan,35.997101,139.347635,32825.0,700.0,30655.0,1470.0,446.6172940828957,2.1325209444021325
Sakha (Yakutiya) Republic,Russia,66.941626,129.642371,33565.0,550.0,32445.0,570.0,3480.6549625128328,1.6386116490391778
Sakhalin Oblast,Russia,49.7219665,143.448533,22001.0,39.0,21662.0,300.0,4488.342061401809,0.1772646697877369
Samara Oblast,Russia,53.2128813,50.8914633,55731.0,1098.0,52443.0,2190.0,1745.1309122177013,1.970178177316036
San Andres y Providencia,Colombia,12.5567,-81.7185,2758.0,45.0,2700.0,13.0,4500.65274151436,1.6316171138506164
San Luis Potosi,Mexico,22.1565,-100.9855,60223.0,4993.0,0.0,55230.0,2101.186891647378,8.290852332165452
San Martin,Peru,-7.039531,-76.729127,33535.0,2002.0,0.0,31533.0,3727.7678968430414,5.969882212613687
Santa Catarina,Brazil,-27.2423,-50.2189,806929.0,10885.0,769659.0,26385.0,11262.426745913486,1.3489414806011433
Santander,Colombia,6.6437,-73.6536,94452.0,3490.0,89317.0,1645.0,4323.068494354498,3.6949985177656375
Sao Paulo,Brazil,-23.5505,-46.6333,2469849.0,74652.0,2120478.0,274719.0,5378.702420426869,3.022532956468189
Saratov Oblast,Russia,51.6520555,46.86319520000001,54784.0,815.0,49483.0,4486.0,2224.3244889258817,1.4876606308411215
Sarawak,Malaysia,1.5533,110.3592,16390.0,108.0,13740.0,2542.0,581.5975302508782,0.6589383770591825
Sardegna,Italy,39.21531192,9.110616306,45503.0,1234.0,29872.0,14397.0,2775.2652948204764,2.711909104894183
Saskatchewan,Canada,52.9399,-106.4509,33590.0,436.0,31199.0,1955.0,2846.9865507643385,1.2980053587377196
Schleswig-Holstein,Germany,54.2194,9.6961,49996.0,1436.0,44490.0,4070.0,1717.5591531755915,2.8722297783822706
Scotland,United Kingdom,56.4907,-4.2026,218432.0,7602.0,0.0,210830.0,3998.169604451522,3.480259302666276
Selangor,Malaysia,3.0738,101.5183,116080.0,332.0,110514.0,5234.0,1774.4080465919687,0.2860096485182632
Sergipe,Brazil,-10.5741,-37.3857,174600.0,3501.0,158658.0,12441.0,7595.610728865409,2.0051546391752577
Sevastopol*,Ukraine,44.6054,33.522,13228.0,562.0,12210.0,456.0,2984.5829638704818,4.248563652857575
Shaanxi,China,35.1917,108.8701,567.0,3.0,553.0,11.0,1.4343899778489204,0.5291005291005291
Shandong,China,36.3427,118.1498,870.0,7.0,862.0,1.0,0.856911085910921,0.8045977011494253
Shanghai,China,31.202,121.4491,1885.0,7.0,1833.0,45.0,7.5791401957991456,0.3713527851458886
Shanxi,China,37.5777,112.2922,241.0,0.0,240.0,1.0,0.690235566801972,0.0
Shiga,Japan,35.21582700000001,136.138064,2770.0,55.0,2617.0,98.0,195.90605844790065,1.985559566787004
Shimane,Japan,35.07076,132.55406399999998,287.0,0.0,285.0,2.0,42.55975419146847,0.0
Shizuoka,Japan,34.916975,138.40778400000002,5715.0,118.0,5346.0,251.0,156.85346729872805,2.064741907261592
Sichuan,China,30.6171,102.7103,948.0,3.0,927.0,18.0,1.1329566993271314,0.3164556962025316
Sicilia,Italy,38.11569725,13.362356699999998,175354.0,4628.0,150806.0,19920.0,3507.156456010741,2.639232637978033
Sikkim,India,27.571671,88.472712,6235.0,135.0,6053.0,47.0,903.2945986315124,2.165196471531676
Sinaloa,Mexico,25.1721,-107.4795,36204.0,5707.0,0.0,30497.0,1146.9033546067792,15.76345155231466
Sindh,Pakistan,26.009446,68.77680699999999,265680.0,4502.0,256276.0,4902.0,554.8171011219948,1.6945197229750075
Sint Maarten,Netherlands,18.0425,-63.0548,2147.0,27.0,2078.0,42.0,5006.762744274987,1.2575687005123428
Skane,Sweden,55.9903,13.5958,124024.0,1643.0,0.0,122381.0,9001.420352482568,1.3247435980132878
Smolensk Oblast,Russia,55.03434960000001,33.0192065,28168.0,758.0,26842.0,568.0,2967.0889916026576,2.690996875887532
Sonora,Mexico,29.2972,-110.3309,70488.0,6274.0,0.0,64214.0,2292.4827912558603,8.90080581091817
Sormland,Sweden,59.0336,16.7519,17511.0,420.0,0.0,17091.0,5885.259124823553,2.3984923762206614
South Australia,Australia,-34.9285,138.6007,656.0,4.0,640.0,12.0,37.346996868773125,0.6097560975609756
South Carolina,United States,33.95747213108696,-80.9833996921739,11736.808510638299,194.59574468085106,,,10605.233044904307,2.085908704248884
South Dakota,United States,44.272694927272724,-99.31063618348485,1757.597014925373,28.880597014925375,,,12912.216747187082,2.2342146043578373
St Martin,France,18.0708,-63.0501,1657.0,12.0,1399.0,246.0,4286.194676530691,0.724200362100181
Stavropol Krai,Russia,44.86325770000001,43.4406913,50442.0,1227.0,47472.0,1743.0,1801.0664575741412,2.4324967289163792
Stockholm,Sweden,59.6025,18.1384,192075.0,4003.0,0.0,188072.0,8080.288387312002,2.0840817389040738
Sucre,Colombia,8.814,-74.7233,22914.0,849.0,21508.0,557.0,2532.317046889971,3.705158418434145
Sumy Oblast,Ukraine,50.9077,34.7981,58193.0,812.0,49583.0,7798.0,5381.175456668929,1.3953568298592611
Sverdlovsk Oblast,Russia,58.6414755,61.8021546,82516.0,2735.0,75855.0,3926.0,1907.771470636652,3.31450870134277
Tabasco,Mexico,17.8409,-92.6189,61060.0,3914.0,0.0,57146.0,2373.763114302564,6.410088437602358
Tacna,Peru,-17.644160999999997,-70.27756,21895.0,1460.0,0.0,20435.0,5901.617250673855,6.668189084265814
Tamaulipas,Mexico,24.2669,-98.8363,54337.0,4654.0,0.0,49683.0,1488.439440947,8.565066161179306
Tambov Oblast,Russia,52.9019574,41.3578918,29408.0,409.0,26886.0,2113.0,2845.33337461492,1.3907780195865072
Tamil Nadu,India,11.006091,78.400624,886673.0,12719.0,858075.0,15879.0,1139.0783246115457,1.4344634380431118
Tarapaca,Chile,-19.9232,-69.5132,28766.0,509.0,27204.0,1053.0,8702.254974921194,1.7694500451922408
Tasmania,Australia,-42.8821,147.3272,234.0,13.0,221.0,0.0,43.69747899159664,5.555555555555555
Tatarstan Republic,Russia,55.7648572,52.43104273,19420.0,417.0,16322.0,2681.0,498.6796032338679,2.147270854788877
Telangana,India,18.1124,79.0193,308776.0,1701.0,301564.0,5511.0,784.4374216708333,0.5508847837914864
Tennessee,United States,35.885102212210526,-86.10872298863158,8369.505154639175,122.72164948453609,,,12214.071782989991,1.7773522003569853
Terengganu,Malaysia,5.3117,103.1324,3595.0,13.0,3547.0,35.0,287.5769938404928,0.3616133518776078
Ternopil Oblast,Ukraine,49.5535,25.5948,54080.0,762.0,44874.0,8444.0,5170.770232502995,1.4090236686390532
Texas,United States,31.660643442283465,-98.65306860334645,10948.666666666666,189.2235294117647,,,9834.598856507371,2.738795125897569
Thuringen,Germany,51.011,10.8453,95394.0,3337.0,82490.0,9567.0,4499.214002962876,3.498123571713106
Tianjin,China,39.3054,117.323,373.0,3.0,358.0,12.0,2.690031428654056,0.8042895442359249
Tibet,China,31.6927,88.0924,1.0,0.0,1.0,0.0,0.027411529289219,0.0
Tlaxcala,Mexico,19.3139,-98.2404,18478.0,2298.0,0.0,16180.0,1338.9748342585674,12.436410866976946
Tocantins,Brazil,-10.1753,-48.2982,141913.0,2057.0,121515.0,17428.0,8962.937720060068,1.4413903174321687
Tochigi,Japan,36.689912,139.819213,4638.0,70.0,4349.0,219.0,239.81509728592184,1.5092712376024149
Tokushima,Japan,33.919178,134.242091,535.0,18.0,445.0,72.0,73.4913328305702,3.364485981308411
Tokyo,Japan,35.711343,139.446921,120986.0,1770.0,115690.0,3526.0,869.1109036976184,1.462979187674607
Tolima,Colombia,4.0925,-75.1545,66546.0,2150.0,63596.0,800.0,5002.755251705212,3.2308478345805907
Tomsk Oblast,Russia,58.6124279,82.04753149999998,31387.0,356.0,30294.0,737.0,2910.8394851059093,1.1342275464364229
Toscana,Italy,43.76923077,11.25588885,195374.0,5348.0,161919.0,28107.0,5238.413026883821,2.737314074544208
Tottori,Japan,35.359069,133.863619,260.0,2.0,205.0,53.0,46.79979408090605,0.7692307692307693
Toyama,Japan,36.637464,137.26934599999998,938.0,29.0,887.0,22.0,89.88962167777349,3.091684434968017
Tripura,India,23.746783,91.743565,33517.0,392.0,33065.0,60.0,803.8046963471097,1.1695557478294596
Tula Oblast,Russia,53.9570701,37.3690909,36235.0,1545.0,33660.0,1030.0,2428.855351223812,4.263833310335311
Tumbes,Peru,-3.857496,-80.54525500000003,13372.0,1124.0,0.0,12248.0,5316.8986083499,8.405623691295244
Turks and Caicos Islands,United Kingdom,21.69400000000001,-71.7979,2329.0,17.0,2268.0,44.0,6015.290045973449,0.7299270072992701
Tver Oblast,Russia,57.1134475,35.174442799999994,37394.0,731.0,35340.0,1323.0,2912.593379563244,1.954859068299728
Tyumen Oblast,Russia,58.8206488,70.36588370000001,33599.0,386.0,31669.0,1544.0,909.9501679124688,1.1488437155867737
Tyva Republic,Russia,51.4017149,93.8582593,15761.0,197.0,14907.0,657.0,4898.950025177016,1.2499206903115283
Ucayali,Peru,-9.621718,-73.444929,26554.0,2249.0,0.0,24305.0,4507.553895773213,8.469533780221436
Udmurt Republic,Russia,57.1961165,52.69598320000001,30672.0,756.0,27275.0,2641.0,2027.1717147683744,2.464788732394366
Ulyanovsk Oblast,Russia,54.1463177,47.2324921,50824.0,969.0,47488.0,2367.0,4076.950597536695,1.9065795687076967
Umbria,Italy,43.10675841,12.38824698,50908.0,1256.0,44846.0,4806.0,5771.783926577213,2.467195725622692
Unknown,Belgium,,,16530.0,23016.0,0.0,0.0,,139.2377495462795
Unknown,Chile,,,46.0,1.0,46.0,0.0,,2.1739130434782608
Unknown,China,,,0.0,0.0,1.0,0.0,,
Unknown,Colombia,,,0.0,0.0,0.0,0.0,,
Unknown,Germany,,,10141.0,0.0,0.0,10141.0,,0.0
Unknown,India,,,0.0,0.0,0.0,0.0,,
Unknown,Japan,,,8.0,0.0,8.0,0.0,,0.0
Unknown,Malaysia,,,0.0,0.0,0.0,0.0,,
Unknown,Mexico,,,0.0,0.0,1773236.0,0.0,,
Unknown,Netherlands,,,2615.0,13.0,0.0,2602.0,,0.497131931166348
Unknown,Peru,,,8730.0,207.0,1468457.0,0.0,,2.3711340206185567
Unknown,Spain,,,0.0,0.0,0.0,0.0,,
Unknown,United Kingdom,,,0.0,0.0,0.0,0.0,,
Uppsala,Sweden,60.0092,17.2715,29210.0,499.0,0.0,28711.0,7612.46035448369,1.7083190688120506
Utah,United States,40.014400114615384,-111.46087804615385,27545.785714285714,151.57142857142858,,,10984.255886433422,0.6437227297848909
Utrecht,Netherlands,52.084251,5.163824,99561.0,1190.0,0.0,98371.0,7348.575545048323,1.1952471349223088
Uttar Pradesh,India,26.925425,80.560982,617194.0,8811.0,598535.0,9848.0,259.4530561225074,1.4275900284189411
Uttarakhand,India,30.156447,79.197608,100411.0,1717.0,96831.0,1863.0,892.4741561932432,1.709972015018275
Valle d'Aosta,Italy,45.73750286,7.320149366,9298.0,425.0,7971.0,902.0,7398.978243916414,4.570875457087546
Valle del Cauca,Colombia,3.8009,-76.6413,208396.0,6565.0,197183.0,4648.0,4655.972024309824,3.150252404076854
Valparaiso,Chile,-33.0472,-71.6127,65910.0,1881.0,59803.0,4226.0,3629.601156890625,2.853891670459718
Varmland,Sweden,59.7294,13.2354,12335.0,184.0,0.0,12151.0,4367.701317923333,1.4916903121199838
Vasterbotten,Sweden,65.3337,16.5162,18195.0,168.0,0.0,18027.0,6695.837136043807,0.9233305853256388
Vasternorrland,Sweden,63.4276,17.7292,17608.0,428.0,0.0,17180.0,7176.77411991995,2.430713312130849
Vastmanland,Sweden,59.6714,16.2159,20948.0,332.0,0.0,20616.0,7594.119886167957,1.5848768378842848
Vastra Gotaland,Sweden,58.2528,13.0596,143550.0,2212.0,0.0,141338.0,8317.49118276405,1.5409265064437478
Vaupes,Colombia,0.8554,-70.812,1161.0,13.0,1141.0,7.0,2845.797485109199,1.119724375538329
Veneto,Italy,45.43490485,12.33845213,382838.0,10625.0,333516.0,38697.0,7803.697378682692,2.7753253334308505
Veracruz,Mexico,19.1738,-96.1342,57794.0,8852.0,0.0,48942.0,676.7556665435577,15.3164688375956
Vermont,United States,44.15949579857143,-72.68438070571429,1285.0,15.133333333333333,,,2926.882032873608,0.8824659544717465
Vichada,Colombia,4.4234,-69.2878,1440.0,23.0,1397.0,20.0,1335.7079252003562,1.5972222222222223
Victoria,Australia,-37.8136,144.9631,20484.0,820.0,19664.0,0.0,308.9639361076336,4.003124389767623
Vinnytsia Oblast,Ukraine,49.2331,28.4682,57101.0,1059.0,35058.0,20984.0,3659.396280682956,1.8546085007267823
Virgin Islands,United States,18.3358,-64.8963,2907.0,26.0,,,2710.0346794943507,0.8943928448572411
Virginia,United States,37.56615032526316,-78.51371173503759,4619.223880597015,76.50746268656717,,,7726.128375979681,2.0410679530330778
Vladimir Oblast,Russia,56.0503336,40.6561633,29981.0,997.0,27038.0,1946.0,2175.1574542365183,3.325439444981822
Volgograd Oblast,Russia,49.6048339,44.29035820000001,53623.0,955.0,51314.0,1354.0,2126.8199118224265,1.7809522033455794
Vologda Oblast,Russia,60.0391461,43.1215213,42714.0,902.0,39805.0,2007.0,3630.016087513353,2.111719810834855
Volyn Oblast,Ukraine,50.7472,25.3254,46674.0,768.0,40552.0,5354.0,4508.12784329634,1.6454557141020696
Voronezh Oblast,Russia,50.9800393,40.15065070000001,75155.0,2401.0,69769.0,2985.0,3220.328670202008,3.194730889495044
W.P. Kuala Lumpur,Malaysia,3.139,101.6869,37819.0,118.0,36631.0,1070.0,2126.57444894287,0.31201248049922
W.P. Labuan,Malaysia,5.2831,115.2308,2327.0,12.0,2282.0,33.0,2341.046277665996,0.5156854318865493
W.P. Putrajaya,Malaysia,2.9264,101.6964,1142.0,8.0,1102.0,32.0,1083.4914611005693,0.7005253940455342
Wakayama,Japan,33.911879,135.505446,1287.0,18.0,1151.0,118.0,139.1452137614292,1.3986013986013983
Wales,United Kingdom,52.1307,-3.7837,209345.0,5507.0,0.0,203838.0,6670.012107308991,2.630585874991044
Wallis and Futuna,France,-14.2938,-178.1165,401.0,4.0,44.0,353.0,2622.800706390215,0.9975062344139652
Walloon Brabant,Belgium,50.4,4.35,34071.0,0.0,0.0,34071.0,8391.479216489868,0.0
Washington,United States,47.23378642,-120.7192204153846,9112.15,131.175,,,4875.067542910661,1.3485863993749905
West Bengal,India,23.814082,87.979803,586915.0,10329.0,570811.0,5775.0,589.2170533509305,1.7598800507739625
West Flanders,Belgium,51.0536,3.1458,79930.0,0.0,0.0,79930.0,6655.592054590344,0.0
West Virginia,United States,38.81425370672727,-80.61745451327272,2531.035714285714,47.785714285714285,,,7663.335568973035,1.8154644888313154
Western Australia,Australia,-31.9505,115.8605,944.0,9.0,918.0,17.0,35.88534934995818,0.9533898305084746
Wisconsin,United States,44.39514349486112,-89.79797998097223,8712.890410958904,100.20547945205479,,,10710.653741115537,1.317044602118074
Wyoming,United States,43.086885505217396,-107.15324220434782,2346.25,29.166666666666668,,,9234.30669675465,1.3878989095496446
Xinjiang,China,41.1129,85.2401,980.0,3.0,977.0,0.0,3.7907586333077328,0.3061224489795918
Yamagata,Japan,38.448396,140.102154,948.0,17.0,596.0,335.0,87.96788615396608,1.7932489451476794
Yamaguchi,Japan,34.201190000000004,131.573293,1418.0,43.0,1349.0,26.0,104.39243309460988,3.0324400564174896
Yamalo-Nenets Autonomous Okrug,Russia,67.1471631,74.3415488,37991.0,407.0,36554.0,1030.0,7054.351802163971,1.0713063620331131
Yamanashi,Japan,35.612364,138.61148899999998,969.0,19.0,938.0,12.0,119.48860357405334,1.96078431372549
Yaroslavl Oblast,Russia,57.77819760000001,39.0021095,36094.0,482.0,34427.0,1185.0,2851.73866462719,1.3354020058735523
Yucatan,Mexico,20.7099,-89.0943,35103.0,3348.0,0.0,31755.0,1553.850253508259,9.537646355012392
Yukon,Canada,64.2823,-135.0,74.0,1.0,71.0,2.0,172.1490717908156,1.351351351351351
Yunnan,China,24.974,101.487,247.0,2.0,230.0,15.0,0.5232022511168727,0.8097165991902834
Zabaykalsky Krai,Russia,52.248521,115.956325,41050.0,590.0,39556.0,904.0,3826.414095372322,1.4372716199756397
Zacatecas,Mexico,22.7709,-102.5832,28912.0,2658.0,0.0,26254.0,1734.970529744495,9.193414499169895
Zakarpattia Oblast,Ukraine,48.6208,22.2879,54045.0,1306.0,40720.0,12019.0,4300.200031508543,2.416504764548062
Zaporizhia Oblast,Ukraine,47.8388,35.1396,78386.0,1415.0,69207.0,7764.0,4595.166241068895,1.8051692904345165
Zeeland,Netherlands,51.47936,3.861559,20788.0,222.0,0.0,20566.0,5420.769359145527,1.0679238021935733
Zhejiang,China,29.1832,120.0934,1323.0,1.0,1320.0,2.0,2.049015676410276,0.0755857898715041
Zhytomyr Oblast,Ukraine,50.2547,28.6587,71032.0,1202.0,51438.0,18392.0,5821.374159661627,1.692195067012051
Zuid-Holland,Netherlands,51.937835,4.462114,300189.0,3994.0,0.0,296195.0,8094.192675808425,1.330495121406847
